{
  "0.5sigma_eps0.5": {
    "fault_mult": 0.5,
    "eps_ratio": 0.5,
    "tca_standard": {
      "sds": 0.0,
      "cusum_iswt_tpr": 0.8181818181818182,
      "full_tpr": 0.8181818181818182,
      "lstm_tpr": 0.00909090909090909
    },
    "tca_neural": {
      "sds": 0.0,
      "cusum_iswt_tpr": 0.8181818181818182,
      "full_tpr": 0.8181818181818182,
      "lstm_tpr": 0.00909090909090909
    }
  },
  "0.5sigma_eps1.0": {
    "fault_mult": 0.5,
    "eps_ratio": 1.0,
    "tca_standard": {
      "sds": 0.0,
      "cusum_iswt_tpr": 0.8181818181818182,
      "full_tpr": 0.8181818181818182,
      "lstm_tpr": 0.00909090909090909
    },
    "tca_neural": {
      "sds": 0.0,
      "cusum_iswt_tpr": 0.8181818181818182,
      "full_tpr": 0.8181818181818182,
      "lstm_tpr": 0.00909090909090909
    }
  },
  "0.5sigma_eps1.5": {
    "fault_mult": 0.5,
    "eps_ratio": 1.5,
    "tca_standard": {
      "sds": 0.0,
      "cusum_iswt_tpr": 0.8181818181818182,
      "full_tpr": 0.8181818181818182,
      "lstm_tpr": 0.00909090909090909
    },
    "tca_neural": {
      "sds": 0.0,
      "cusum_iswt_tpr": 0.8181818181818182,
      "full_tpr": 0.8181818181818182,
      "lstm_tpr": 0.00909090909090909
    }
  },
  "1.0sigma_eps0.5": {
    "fault_mult": 1.0,
    "eps_ratio": 0.5,
    "tca_standard": {
      "sds": 0.0,
      "cusum_iswt_tpr": 0.8145454545454546,
      "full_tpr": 0.8145454545454546,
      "lstm_tpr": 0.00909090909090909
    },
    "tca_neural": {
      "sds": 0.0,
      "cusum_iswt_tpr": 0.8145454545454546,
      "full_tpr": 0.8145454545454546,
      "lstm_tpr": 0.00909090909090909
    }
  },
  "1.0sigma_eps1.0": {
    "fault_mult": 1.0,
    "eps_ratio": 1.0,
    "tca_standard": {
      "sds": 0.0,
      "cusum_iswt_tpr": 0.8145454545454546,
      "full_tpr": 0.8145454545454546,
      "lstm_tpr": 0.00909090909090909
    },
    "tca_neural": {
      "sds": 0.0,
      "cusum_iswt_tpr": 0.8145454545454546,
      "full_tpr": 0.8145454545454546,
      "lstm_tpr": 0.00909090909090909
    }
  },
  "1.0sigma_eps1.5": {
    "fault_mult": 1.0,
    "eps_ratio": 1.5,
    "tca_standard": {
      "sds": 0.0,
      "cusum_iswt_tpr": 0.8145454545454546,
      "full_tpr": 0.8145454545454546,
      "lstm_tpr": 0.00909090909090909
    },
    "tca_neural": {
      "sds": 0.0,
      "cusum_iswt_tpr": 0.8145454545454546,
      "full_tpr": 0.8145454545454546,
      "lstm_tpr": 0.00909090909090909
    }
  },
  "2.0sigma_eps0.5": {
    "fault_mult": 2.0,
    "eps_ratio": 0.5,
    "tca_standard": {
      "sds": 0.0,
      "cusum_iswt_tpr": 0.8127272727272727,
      "full_tpr": 0.8127272727272727,
      "lstm_tpr": 0.007272727272727273
    },
    "tca_neural": {
      "sds": 0.0,
      "cusum_iswt_tpr": 0.8127272727272727,
      "full_tpr": 0.8127272727272727,
      "lstm_tpr": 0.007272727272727273
    }
  },
  "2.0sigma_eps1.0": {
    "fault_mult": 2.0,
    "eps_ratio": 1.0,
    "tca_standard": {
      "sds": 0.0,
      "cusum_iswt_tpr": 0.8127272727272727,
      "full_tpr": 0.8127272727272727,
      "lstm_tpr": 0.007272727272727273
    },
    "tca_neural": {
      "sds": 0.0,
      "cusum_iswt_tpr": 0.8127272727272727,
      "full_tpr": 0.8127272727272727,
      "lstm_tpr": 0.007272727272727273
    }
  },
  "2.0sigma_eps1.5": {
    "fault_mult": 2.0,
    "eps_ratio": 1.5,
    "tca_standard": {
      "sds": 0.0,
      "cusum_iswt_tpr": 0.8127272727272727,
      "full_tpr": 0.8127272727272727,
      "lstm_tpr": 0.007272727272727273
    },
    "tca_neural": {
      "sds": 0.0,
      "cusum_iswt_tpr": 0.8127272727272727,
      "full_tpr": 0.8127272727272727,
      "lstm_tpr": 0.007272727272727273
    }
  },
  "3.0sigma_eps0.5": {
    "fault_mult": 3.0,
    "eps_ratio": 0.5,
    "tca_standard": {
      "sds": 0.0,
      "cusum_iswt_tpr": 0.8272727272727273,
      "full_tpr": 0.8272727272727273,
      "lstm_tpr": 0.005454545454545455
    },
    "tca_neural": {
      "sds": 0.0,
      "cusum_iswt_tpr": 0.8272727272727273,
      "full_tpr": 0.8272727272727273,
      "lstm_tpr": 0.005454545454545455
    }
  },
  "3.0sigma_eps1.0": {
    "fault_mult": 3.0,
    "eps_ratio": 1.0,
    "tca_standard": {
      "sds": 0.0,
      "cusum_iswt_tpr": 0.8272727272727273,
      "full_tpr": 0.8272727272727273,
      "lstm_tpr": 0.005454545454545455
    },
    "tca_neural": {
      "sds": 0.0,
      "cusum_iswt_tpr": 0.8272727272727273,
      "full_tpr": 0.8272727272727273,
      "lstm_tpr": 0.005454545454545455
    }
  },
  "3.0sigma_eps1.5": {
    "fault_mult": 3.0,
    "eps_ratio": 1.5,
    "tca_standard": {
      "sds": 0.0,
      "cusum_iswt_tpr": 0.8272727272727273,
      "full_tpr": 0.8272727272727273,
      "lstm_tpr": 0.005454545454545455
    },
    "tca_neural": {
      "sds": 0.0,
      "cusum_iswt_tpr": 0.8272727272727273,
      "full_tpr": 0.8272727272727273,
      "lstm_tpr": 0.005454545454545455
    }
  },
  "4.0sigma_eps0.5": {
    "fault_mult": 4.0,
    "eps_ratio": 0.5,
    "tca_standard": {
      "sds": 0.0,
      "cusum_iswt_tpr": 0.8327272727272728,
      "full_tpr": 0.8345454545454546,
      "lstm_tpr": 0.005454545454545455
    },
    "tca_neural": {
      "sds": 0.0,
      "cusum_iswt_tpr": 0.8327272727272728,
      "full_tpr": 0.8345454545454546,
      "lstm_tpr": 0.005454545454545455
    }
  },
  "4.0sigma_eps1.0": {
    "fault_mult": 4.0,
    "eps_ratio": 1.0,
    "tca_standard": {
      "sds": 0.0,
      "cusum_iswt_tpr": 0.8327272727272728,
      "full_tpr": 0.8345454545454546,
      "lstm_tpr": 0.005454545454545455
    },
    "tca_neural": {
      "sds": 0.0,
      "cusum_iswt_tpr": 0.8327272727272728,
      "full_tpr": 0.8345454545454546,
      "lstm_tpr": 0.005454545454545455
    }
  },
  "4.0sigma_eps1.5": {
    "fault_mult": 4.0,
    "eps_ratio": 1.5,
    "tca_standard": {
      "sds": 0.0,
      "cusum_iswt_tpr": 0.8327272727272728,
      "full_tpr": 0.8345454545454546,
      "lstm_tpr": 0.005454545454545455
    },
    "tca_neural": {
      "sds": 0.0,
      "cusum_iswt_tpr": 0.8327272727272728,
      "full_tpr": 0.8345454545454546,
      "lstm_tpr": 0.005454545454545455
    }
  }
}