{
  "fpr": {
    "cusum_only": 0.7890909090909091,
    "iswt_only": 0.056363636363636366,
    "lstm_only": 0.00909090909090909,
    "cusum_iswt": 0.7981818181818182,
    "full_pipeline": 0.7981818181818182
  },
  "tpr_0.5sigma": {
    "cusum_only": 0.7909090909090909,
    "iswt_only": 0.056363636363636366,
    "lstm_only": 0.00909090909090909,
    "cusum_iswt": 0.8036363636363636,
    "full_pipeline": 0.8036363636363636
  },
  "tpr_1.0sigma": {
    "cusum_only": 0.7890909090909091,
    "iswt_only": 0.056363636363636366,
    "lstm_only": 0.00909090909090909,
    "cusum_iswt": 0.8018181818181818,
    "full_pipeline": 0.8018181818181818
  },
  "tpr_1.5sigma": {
    "cusum_only": 0.7890909090909091,
    "iswt_only": 0.05454545454545454,
    "lstm_only": 0.007272727272727273,
    "cusum_iswt": 0.8018181818181818,
    "full_pipeline": 0.8018181818181818
  },
  "tpr_2.0sigma": {
    "cusum_only": 0.7890909090909091,
    "iswt_only": 0.05454545454545454,
    "lstm_only": 0.007272727272727273,
    "cusum_iswt": 0.8018181818181818,
    "full_pipeline": 0.8018181818181818
  },
  "tpr_3.0sigma": {
    "cusum_only": 0.7945454545454546,
    "iswt_only": 0.05454545454545454,
    "lstm_only": 0.005454545454545455,
    "cusum_iswt": 0.8145454545454546,
    "full_pipeline": 0.8145454545454546
  },
  "tpr_4.0sigma": {
    "cusum_only": 0.8,
    "iswt_only": 0.05272727272727273,
    "lstm_only": 0.005454545454545455,
    "cusum_iswt": 0.8218181818181818,
    "full_pipeline": 0.8236363636363636
  }
}