{
  "1.0sigma_eps0.5": {
    "fault_mult": 1.0,
    "eps_ratio": 0.5,
    "tca_standard": {
      "sds": 0.3087008775933515,
      "cusum_iswt_tpr": 0.1475,
      "full_tpr": 0.1475,
      "lstm_tpr": 0.005
    },
    "tca_neural": {
      "sds": 0.29821268764048614,
      "cusum_iswt_tpr": 0.1425,
      "full_tpr": 0.1425,
      "lstm_tpr": 0.0025
    }
  },
  "1.0sigma_eps1.0": {
    "fault_mult": 1.0,
    "eps_ratio": 1.0,
    "tca_standard": {
      "sds": 0.44479342654271664,
      "cusum_iswt_tpr": 0.1025,
      "full_tpr": 0.1075,
      "lstm_tpr": 0.0375
    },
    "tca_neural": {
      "sds": 0.4095487049339346,
      "cusum_iswt_tpr": 0.17,
      "full_tpr": 0.1775,
      "lstm_tpr": 0.0075
    }
  },
  "1.0sigma_eps1.5": {
    "fault_mult": 1.0,
    "eps_ratio": 1.5,
    "tca_standard": {
      "sds": 0.460518461647277,
      "cusum_iswt_tpr": 0.1125,
      "full_tpr": 0.145,
      "lstm_tpr": 0.065
    },
    "tca_neural": {
      "sds": 0.4118339333959661,
      "cusum_iswt_tpr": 0.13,
      "full_tpr": 0.135,
      "lstm_tpr": 0.005
    }
  },
  "2.0sigma_eps0.5": {
    "fault_mult": 2.0,
    "eps_ratio": 0.5,
    "tca_standard": {
      "sds": 0.23612667002459964,
      "cusum_iswt_tpr": 0.6325,
      "full_tpr": 0.6325,
      "lstm_tpr": 0.1175
    },
    "tca_neural": {
      "sds": 0.23076027056740123,
      "cusum_iswt_tpr": 0.43,
      "full_tpr": 0.43,
      "lstm_tpr": 0.06
    }
  },
  "2.0sigma_eps1.0": {
    "fault_mult": 2.0,
    "eps_ratio": 1.0,
    "tca_standard": {
      "sds": 0.3868150180232421,
      "cusum_iswt_tpr": 0.3,
      "full_tpr": 0.3,
      "lstm_tpr": 0.125
    },
    "tca_neural": {
      "sds": 0.36488195330400586,
      "cusum_iswt_tpr": 0.32,
      "full_tpr": 0.32,
      "lstm_tpr": 0.0975
    }
  },
  "2.0sigma_eps1.5": {
    "fault_mult": 2.0,
    "eps_ratio": 1.5,
    "tca_standard": {
      "sds": 0.43833652616359076,
      "cusum_iswt_tpr": 0.165,
      "full_tpr": 0.165,
      "lstm_tpr": 0.125
    },
    "tca_neural": {
      "sds": 0.37322277881134297,
      "cusum_iswt_tpr": 0.2825,
      "full_tpr": 0.2825,
      "lstm_tpr": 0.1175
    }
  },
  "3.0sigma_eps0.5": {
    "fault_mult": 3.0,
    "eps_ratio": 0.5,
    "tca_standard": {
      "sds": 0.0,
      "cusum_iswt_tpr": 1.0,
      "full_tpr": 1.0,
      "lstm_tpr": 0.1175
    },
    "tca_neural": {
      "sds": 0.0,
      "cusum_iswt_tpr": 1.0,
      "full_tpr": 1.0,
      "lstm_tpr": 0.1175
    }
  },
  "3.0sigma_eps1.0": {
    "fault_mult": 3.0,
    "eps_ratio": 1.0,
    "tca_standard": {
      "sds": 0.0,
      "cusum_iswt_tpr": 1.0,
      "full_tpr": 1.0,
      "lstm_tpr": 0.1175
    },
    "tca_neural": {
      "sds": 0.0,
      "cusum_iswt_tpr": 1.0,
      "full_tpr": 1.0,
      "lstm_tpr": 0.1175
    }
  },
  "3.0sigma_eps1.5": {
    "fault_mult": 3.0,
    "eps_ratio": 1.5,
    "tca_standard": {
      "sds": 0.26200074405900126,
      "cusum_iswt_tpr": 1.0,
      "full_tpr": 1.0,
      "lstm_tpr": 0.12
    },
    "tca_neural": {
      "sds": 0.2252780745889965,
      "cusum_iswt_tpr": 1.0,
      "full_tpr": 1.0,
      "lstm_tpr": 0.125
    }
  },
  "4.0sigma_eps0.5": {
    "fault_mult": 4.0,
    "eps_ratio": 0.5,
    "tca_standard": {
      "sds": 0.0,
      "cusum_iswt_tpr": 1.0,
      "full_tpr": 1.0,
      "lstm_tpr": 0.0375
    },
    "tca_neural": {
      "sds": 0.0,
      "cusum_iswt_tpr": 1.0,
      "full_tpr": 1.0,
      "lstm_tpr": 0.0375
    }
  },
  "4.0sigma_eps1.0": {
    "fault_mult": 4.0,
    "eps_ratio": 1.0,
    "tca_standard": {
      "sds": 0.0,
      "cusum_iswt_tpr": 1.0,
      "full_tpr": 1.0,
      "lstm_tpr": 0.0375
    },
    "tca_neural": {
      "sds": 0.0,
      "cusum_iswt_tpr": 1.0,
      "full_tpr": 1.0,
      "lstm_tpr": 0.0375
    }
  },
  "4.0sigma_eps1.5": {
    "fault_mult": 4.0,
    "eps_ratio": 1.5,
    "tca_standard": {
      "sds": 0.0,
      "cusum_iswt_tpr": 1.0,
      "full_tpr": 1.0,
      "lstm_tpr": 0.0375
    },
    "tca_neural": {
      "sds": 0.0,
      "cusum_iswt_tpr": 1.0,
      "full_tpr": 1.0,
      "lstm_tpr": 0.0375
    }
  }
}